Rank,Major_code,Major,Major_category,Total,Men,Women,Employed,Full_time,Part_time,Full_time_year_round,Unemployed,Unemployment_rate,Median,P25th,P75th
1,2419,PETROLEUM ENGINEERING,Engineering,2339,2057,282,1976,1849,270,1207,37,0.018380527,110000,95000,125000
2,2416,MINING AND MINERAL ENGINEERING,Engineering,756,679,77,640,556,170,388,85,0.117241379,75000,55000,90000
3,2415,METALLURGICAL ENGINEERING,Engineering,856,725,131,648,558,133,340,16,0.024096386,73000,50000,105000
4,2417,NAVAL ARCHITECTURE AND MARINE ENGINEERING,Engineering,1258,1123,135,758,1069,150,692,40,0.050125313,70000,43000,80000
5,2405,CHEMICAL ENGINEERING,Engineering,32260,21239,11021,25694,23170,5180,16697,1672,0.061097712,65000,50000,75000
6,2418,NUCLEAR ENGINEERING,Engineering,2573,2200,373,1857,2038,264,1449,400,0.177226407,65000,50000,102000
7,6202,ACTUARIAL SCIENCE,Business,3777,832,960,2912,2924,296,2482,308,0.095652174,62000,53000,72000
8,5001,ASTRONOMY AND ASTROPHYSICS,Physical Sciences,1792,2110,1667,1526,1085,553,827,33,0.021167415,62000,31500,109000
9,2414,MECHANICAL ENGINEERING,Engineering,91227,12953,2105,76442,71298,13101,54639,4650,0.057342278,60000,48000,70000
10,2408,ELECTRICAL ENGINEERING,Engineering,81527,8407,6548,61928,55450,12695,41413,3895,0.059173845,60000,45000,72000
11,2407,COMPUTER ENGINEERING,Engineering,41542,33258,8284,32506,30315,5146,23621,2275,0.065409275,60000,45000,75000
12,2401,AEROSPACE ENGINEERING,Engineering,15058,65511,16016,11391,11106,2724,8790,794,0.065162085,60000,42000,70000
13,2404,BIOMEDICAL ENGINEERING,Engineering,14955,80320,10907,10047,9017,2694,5986,1019,0.09208386,60000,36000,70000
14,5008,MATERIALS SCIENCE,Engineering,4279,2949,1330,3307,2751,878,1967,78,0.023042836,60000,39000,65000
15,2409,ENGINEERING MECHANICS PHYSICS AND SCIENCE,Engineering,4321,3526,795,3608,2999,811,2004,23,0.006334343,58000,25000,74000
16,2402,BIOLOGICAL ENGINEERING,Engineering,8925,6062,2863,6170,5455,1983,3413,589,0.087143069,57100,40000,76000
17,2412,INDUSTRIAL AND MANUFACTURING ENGINEERING,Engineering,18968,12453,6515,15604,14879,2243,11326,699,0.042875544,57000,37900,67000
18,2400,GENERAL ENGINEERING,Engineering,61152,45683,15469,44931,41235,7199,33540,2859,0.059824231,56000,36000,69000
19,2403,ARCHITECTURAL ENGINEERING,Engineering,2825,1835,990,2575,2277,343,1848,170,0.061930783,54000,38000,65000
20,3201,COURT REPORTING,Law & Public Policy,1148,877,271,930,808,223,808,11,0.011689692,54000,50000,54000
21,2102,COMPUTER SCIENCE,Computers & Mathematics,128319,1837,2524,102087,91485,18726,70932,6884,0.063172771,53000,39000,70000
22,1104,FOOD SCIENCE,Agriculture & Natural Resources,4361,99743,28576,3149,2558,1121,1735,338,0.09693146,53000,32000,70000
23,2502,ELECTRICAL ENGINEERING TECHNOLOGY,Engineering,11565,2020,973,8587,7530,1873,5681,824,0.087557114,52000,35000,60000
24,2413,MATERIALS ENGINEERING AND MATERIALS SCIENCE,Engineering,2993,8181,3384,2449,1658,1040,1151,70,0.027788805,52000,35000,62000
25,6212,MANAGEMENT INFORMATION SYSTEMS AND STATISTICS,Business,18713,13496,5217,16413,15141,2420,13017,1015,0.058239614,51000,38000,60000
26,2406,CIVIL ENGINEERING,Engineering,53153,41081,12072,43041,38302,10080,29196,3270,0.070609574,50000,40000,60000
27,5601,CONSTRUCTION SERVICES,Industrial Arts & Consumer Services,18498,2662,1385,16318,15690,1751,12313,1042,0.060023041,50000,36000,60000
28,6204,OPERATIONS LOGISTICS AND E-COMMERCE,Business,11732,488,232,10027,9639,1183,7724,504,0.047858703,50000,40000,60000
29,2499,MISCELLANEOUS ENGINEERING,Engineering,9133,7398,1735,7428,6811,1662,5476,597,0.074392523,50000,39000,65000
30,5402,PUBLIC POLICY,Law & Public Policy,5978,2695,905,4547,4163,1306,2776,670,0.128426299,50000,35000,70000
31,2410,ENVIRONMENTAL ENGINEERING,Engineering,4047,2639,3339,2983,2384,930,1951,308,0.093588575,50000,42000,56000
32,2500,ENGINEERING TECHNOLOGIES,Engineering,3600,16820,1678,2799,2257,689,1723,163,0.055030385,50000,43000,60000
33,6099,MISCELLANEOUS FINE ARTS,Arts,3340,1970,1370,2914,2049,1067,1200,286,0.089375,50000,25000,66000
34,2411,GEOLOGICAL AND GEOPHYSICAL ENGINEERING,Engineering,720,7921,3811,604,524,126,396,49,0.075038285,50000,42800,57000
35,6107,NURSING,Health,209394,21773,187621,180903,151191,40818,122817,8497,0.044862724,48000,39000,58000
36,6207,FINANCE,Business,174506,89749,49498,145696,137921,21463,108595,9413,0.060686356,47000,35000,64000
37,5501,ECONOMICS,Social Science,139247,115030,59476,104117,96567,25325,70740,11452,0.099092317,47000,35000,65000
38,6205,BUSINESS ECONOMICS,Business,13302,3477,1154,10914,10048,1937,8000,1165,0.096448381,46000,33000,58000
39,2503,INDUSTRIAL PRODUCTION TECHNOLOGIES,Engineering,4631,528,1588,4428,3988,597,3242,129,0.028308097,46000,35000,65000
40,5102,"NUCLEAR, INDUSTRIAL RADIOLOGY, AND BIOLOGICAL TECHNOLOGIES",Physical Sciences,2116,7575,5727,1778,1392,579,1115,137,0.07154047,46000,38000,53000
41,6201,ACCOUNTING,Business,198633,27392,9306,165527,151967,27693,123169,12411,0.069749014,45000,34000,56000
42,3700,MATHEMATICS,Computers & Mathematics,72397,9005,2908,58118,46399,18079,33738,2884,0.047277138,45000,33000,60000
43,2100,COMPUTER AND INFORMATION SYSTEMS,Computers & Mathematics,36698,515,1247,28459,26348,4332,21130,2934,0.093460326,45000,30000,60000
44,5007,PHYSICS,Physical Sciences,32142,39956,32441,25302,19428,8721,14389,1282,0.048224496,45000,30000,68000
45,6105,MEDICAL TECHNOLOGIES TECHNICIANS,Health,15914,2794,2145,13150,11510,2665,9005,505,0.03698279,45000,36000,50000
46,2105,INFORMATION SCIENCES,Computers & Mathematics,11913,2960,3291,9881,9105,1468,7378,639,0.060741445,45000,32500,58000
47,3702,STATISTICS AND DECISION SCIENCE,Computers & Mathematics,6251,23080,9062,4247,3190,1840,2151,401,0.086273666,45000,26700,60000
48,3701,APPLIED MATHEMATICS,Computers & Mathematics,4939,3916,11998,3854,3465,1176,2593,385,0.090823307,45000,34000,63000
49,3607,PHARMACOLOGY,Biology & Life Science,1762,94519,104114,1144,657,532,565,107,0.085531575,45000,40000,45000
50,5006,OCEANOGRAPHY,Physical Sciences,2418,752,1666,1638,1931,379,1595,99,0.056994819,44700,23000,50000
51,2501,ENGINEERING AND INDUSTRIAL MANAGEMENT,Engineering,2906,2400,506,2125,1992,462,1358,74,0.03365166,44000,30000,50000
52,6104,MEDICAL ASSISTING SERVICES,Health,11123,500,109,9168,5643,4107,4290,407,0.042506527,42000,30000,65000
53,4005,MATHEMATICS AND COMPUTER SCIENCE,Computers & Mathematics,609,803,10320,559,584,0,391,0,0,42000,30000,78000
54,2101,COMPUTER PROGRAMMING AND DATA PROCESSING,Computers & Mathematics,4168,3046,1122,3257,3204,482,2453,419,0.11398259,41300,20000,46000
55,4006,COGNITIVE SCIENCE AND BIOPSYCHOLOGY,Biology & Life Science,3831,119,699,2741,2470,711,1584,223,0.075236167,41000,20000,60000
56,2303,SCHOOL STUDENT COUNSELING,Education,818,1667,2164,730,595,135,545,88,0.107579462,41000,41000,43000
57,5505,INTERNATIONAL RELATIONS,Social Science,28187,10345,17842,21190,18681,5563,13583,2271,0.096798943,40100,31200,53000
58,6200,GENERAL BUSINESS,Business,234590,6053,4346,190183,171385,36241,138299,14946,0.072861468,40000,30000,55000
59,1401,ARCHITECTURE,Engineering,46420,9658,4582,34158,29223,10206,20026,4366,0.113331949,40000,31000,50000
60,6210,INTERNATIONAL BUSINESS,Business,25894,1749,690,19660,17563,4890,12823,2092,0.096175064,40000,30000,50000
61,6108,PHARMACY PHARMACEUTICAL SCIENCES AND ADMINISTRATION,Health,23551,25463,20957,16620,12537,5346,9131,977,0.055520827,40000,20000,90000
62,3603,MOLECULAR BIOLOGY,Biology & Life Science,18300,4419,371,11581,9441,4590,6183,1067,0.084361164,40000,29000,47000
63,6299,MISCELLANEOUS BUSINESS & MEDICAL ADMINISTRATION,Business,17947,7043,1761,14826,13364,3366,10637,1150,0.071982974,40000,30000,51000
64,1101,AGRICULTURE PRODUCTION AND MANAGEMENT,Agriculture & Natural Resources,14240,7426,10874,12323,11119,2196,9093,649,0.050030836,40000,25000,50000
65,1100,GENERAL AGRICULTURE,Agriculture & Natural Resources,10399,1761,1874,8884,7589,2031,5888,178,0.019642463,40000,30000,50000
66,2599,MISCELLANEOUS ENGINEERING TECHNOLOGIES,Engineering,8804,124,0,7502,7001,1240,5825,416,0.05253852,40000,30400,56000
67,2504,MECHANICAL ENGINEERING RELATED TECHNOLOGIES,Engineering,4790,894,542,4186,4175,247,3607,250,0.056357078,40000,27000,52000
68,3605,GENETICS,Biology & Life Science,3635,1075,1939,2463,1787,847,1487,87,0.034117647,40000,34000,45000
69,5599,MISCELLANEOUS SOCIAL SCIENCES,Social Science,3283,1499,1784,2727,2183,907,1530,215,0.073079538,40000,30000,54000
70,6403,UNITED STATES HISTORY,Humanities & Liberal Arts,3079,8697,14854,2787,2103,839,1274,138,0.047179487,40000,30000,42000
71,5205,INDUSTRIAL AND ORGANIZATIONAL PSYCHOLOGY,Psychology & Social Work,3014,132238,102352,2343,1644,1095,1409,286,0.108786611,40000,32000,53000
72,1102,AGRICULTURAL ECONOMICS,Agriculture & Natural Resources,2439,10624,15270,2174,1819,620,1528,182,0.077249576,40000,27000,54000
73,5000,PHYSICAL SCIENCES,Physical Sciences,1436,10285,7662,1146,768,437,653,42,0.035353535,40000,30000,55000
74,3801,MILITARY TECHNOLOGIES,Industrial Arts & Consumer Services,124,1756,1323,0,111,0,111,0,NA,40000,40000,40000
75,5003,CHEMISTRY,Physical Sciences,66530,32923,33607,48535,39509,15066,29910,2769,0.0539724,39000,30000,49900
76,5701,"ELECTRICAL, MECHANICAL, AND PRECISION TECHNOLOGIES AND PRODUCTION",Industrial Arts & Consumer Services,2435,1869,566,2107,2057,287,1752,64,0.029479503,38400,22500,45000
77,6203,BUSINESS MANAGEMENT AND ADMINISTRATION,Business,329927,6383,8849,276234,251540,50357,199897,21502,0.072218341,38000,29000,50000
78,6206,MARKETING AND MARKETING RESEARCH,Business,205211,11404,7076,178862,156668,35829,127230,11663,0.061215064,38000,30000,50000
79,5506,POLITICAL SCIENCE AND GOVERNMENT,Social Science,182621,93880,88741,133454,117709,43711,83236,15022,0.101174601,38000,28000,50000
80,5504,GEOGRAPHY,Social Science,18480,173809,156118,14057,11367,5651,8628,1799,0.113458628,38000,30000,50000
81,3606,MICROBIOLOGY,Biology & Life Science,15232,78857,126354,9685,7453,3379,5080,693,0.066775872,38000,29600,50000
82,2106,COMPUTER ADMINISTRATION MANAGEMENT AND SECURITY,Computers & Mathematics,8066,6607,1459,6509,6289,1030,4936,721,0.099723375,37500,25000,50000
83,3601,BIOCHEMICAL SCIENCES,Biology & Life Science,39107,18951,20156,25678,20643,9948,13785,2249,0.080531385,37400,29000,50000
84,3602,BOTANY,Biology & Life Science,1329,626,703,1010,946,169,740,0,0,37000,26000,40000
85,2107,COMPUTER NETWORKING AND TELECOMMUNICATIONS,Computers & Mathematics,7613,5291,2322,6144,5495,1447,4369,1100,0.151849807,36400,27000,49000
86,5004,GEOLOGY AND EARTH SCIENCE,Physical Sciences,10972,5813,5159,8296,6966,2913,5008,677,0.075448568,36200,28000,47000
87,6209,HUMAN RESOURCES AND PERSONNEL MANAGEMENT,Business,24497,4435,9093,20760,18550,3767,15446,1315,0.059569649,36000,28000,45000
88,3202,PRE-LAW AND LEGAL STUDIES,Law & Public Policy,13528,809,1169,9762,7851,3595,5370,757,0.071965016,36000,29200,46000
89,6199,MISCELLANEOUS HEALTH MEDICAL PROFESSIONS,Health,13386,413,973,10076,7514,4145,5868,893,0.08141125,36000,23000,42000
90,5401,PUBLIC ADMINISTRATION,Law & Public Policy,5629,2947,2682,4158,4148,847,2952,789,0.1594906,36000,23000,60000
91,5005,GEOSCIENCES,Physical Sciences,1978,1589,11797,1441,1264,354,1011,36,0.024373731,36000,21000,41000
92,5206,SOCIAL PSYCHOLOGY,Psychology & Social Work,1386,6184,18313,1080,828,433,529,33,0.029649596,36000,34000,45000
93,1301,ENVIRONMENTAL SCIENCE,Biology & Life Science,25965,10787,15178,20859,16987,7071,10916,1779,0.078584681,35600,25000,40200
94,1901,COMMUNICATIONS,Communications & Journalism,213996,476,209,179633,147335,49889,116251,14602,0.075176976,35000,27000,45000
95,5301,CRIMINAL JUSTICE AND FIRE PROTECTION,Law & Public Policy,152824,3156,451,125393,109970,32242,88548,11268,0.082452199,35000,26000,45000
96,6004,COMMERCIAL ART AND GRAPHIC DESIGN,Arts,103480,8617,5156,83483,67448,24387,52243,8947,0.096797577,35000,25000,45000
97,1902,JOURNALISM,Communications & Journalism,72619,8739,22456,61022,51411,15902,39524,4535,0.069176442,35000,26000,42900
98,5098,MULTI-DISCIPLINARY OR GENERAL SCIENCE,Physical Sciences,62052,70619,143377,46138,37850,13133,28966,2727,0.055806815,35000,24000,50000
99,1904,ADVERTISING AND PUBLIC RELATIONS,Communications & Journalism,53162,23736,48883,45326,38815,10948,30932,3305,0.067960766,35000,27000,47000
100,1501,AREA ETHNIC AND CIVILIZATION STUDIES,Humanities & Liberal Arts,31195,12862,40300,24629,18755,9541,13109,1668,0.063429289,35000,24500,44000
101,2310,SPECIAL NEEDS EDUCATION,Education,28739,11431,6604,24639,21584,5153,16642,1067,0.041507819,35000,32000,42000
102,3608,PHYSIOLOGY,Biology & Life Science,22060,2682,26057,14643,10732,6541,7588,1088,0.0691628,35000,20000,50000
103,5503,CRIMINOLOGY,Social Science,19879,8422,13638,16181,13616,4543,10548,1743,0.097243919,35000,25000,45000
104,4002,NUTRITION SCIENCES,Health,18909,4944,8719,13217,9601,6648,6625,975,0.068700676,35000,26000,45000
105,6103,HEALTH AND MEDICAL ADMINISTRATIVE SERVICES,Health,18109,2817,9479,15419,13534,3299,10982,1518,0.089626262,35000,27000,42000
106,2001,COMMUNICATION TECHNOLOGIES,Computers & Mathematics,18035,2563,16346,14779,11981,4690,9085,2006,0.119511469,35000,25000,45000
107,5901,TRANSPORTATION SCIENCES AND TECHNOLOGIES,Industrial Arts & Consumer Services,15150,2744,1299,12266,11688,2633,9170,962,0.072724524,35000,22000,52000
108,1303,NATURAL RESOURCES MANAGEMENT,Agriculture & Natural Resources,13773,27015,35037,11797,10722,2613,6954,842,0.066619195,35000,25000,42000
109,3611,NEUROSCIENCE,Biology & Life Science,13663,80231,72593,9087,8027,3078,5482,463,0.048481675,35000,30000,44000
110,4000,MULTI/INTERDISCIPLINARY STUDIES,Interdisciplinary,12296,10031,9848,9821,8032,3173,6234,749,0.070860927,35000,25000,44000
111,5002,ATMOSPHERIC SCIENCES AND METEOROLOGY,Physical Sciences,4043,13257,1893,3431,2659,1309,2161,78,0.022228555,35000,28000,50000
112,1302,FORESTRY,Agriculture & Natural Resources,3607,32041,71439,3007,2473,891,1763,322,0.096725743,35000,28600,48000
113,1106,SOIL SCIENCE,Agriculture & Natural Resources,685,4266,13843,613,488,185,383,0,0,35000,18500,44000
114,2300,GENERAL EDUCATION,Education,143718,26893,116825,118241,98408,29558,73531,7195,0.057359929,34000,26000,41000
115,6402,HISTORY,Humanities & Liberal Arts,141951,280,524,105646,84681,40657,59218,11176,0.095666912,34000,25000,47000
116,2602,FRENCH GERMAN LATIN AND OTHER COMMON FOREIGN LANGUAGE STUDIES,Humanities & Liberal Arts,48246,3872,10365,38315,29340,14569,20056,3132,0.075566386,34000,25000,45000
117,4001,INTERCULTURAL AND INTERNATIONAL STUDIES,Humanities & Liberal Arts,24650,9950,10248,18824,14354,7978,8801,1718,0.083633531,34000,24000,45000
118,2311,SOCIAL SCIENCE OR HISTORY TEACHER EDUCATION,Education,20198,12835,35411,17700,14002,5168,8871,1012,0.054082941,34000,23050,42000
119,6110,COMMUNITY AND PUBLIC HEALTH,Health,19735,8575,16075,14512,10099,6377,7460,1833,0.112144387,34000,21000,45000
120,2305,MATHEMATICS TEACHER EDUCATION,Education,14237,4103,15632,13115,11259,2273,8073,216,0.016202835,34000,30000,40000
121,2301,EDUCATIONAL ADMINISTRATION AND SUPERVISION,Education,804,78253,63698,703,733,0,504,0,0,34000,29000,35000
122,6106,HEALTH AND MEDICAL PREPARATORY PROGRAMS,Health,12740,4747,5959,7052,5029,3891,3236,529,0.069779712,33500,23000,40000
123,3699,MISCELLANEOUS BIOLOGY,Biology & Life Science,10706,5521,7219,7767,6076,2568,4542,483,0.058545455,33500,23000,48000
124,3600,BIOLOGY,Biology & Life Science,280709,111762,168947,182295,144512,72371,100336,13874,0.070724732,33400,24000,45000
125,5507,SOCIOLOGY,Social Science,115433,24704,28120,92721,73475,29639,56561,8608,0.084951001,33000,25000,44000
126,1903,MASS MEDIA,Communications & Journalism,52824,3741,26730,44679,35769,13078,27521,4410,0.089836827,33000,25000,45000
127,6109,TREATMENT THERAPY PROFESSIONS,Health,48491,3654,6496,37861,30020,12346,21735,2409,0.059821207,33000,24000,41000
128,6211,HOSPITALITY MANAGEMENT,Business,43647,4416,12185,36728,32160,7494,23106,2393,0.061169193,33000,25000,42000
129,2313,LANGUAGE AND DRAMA EDUCATION,Education,30471,3878,5276,26033,21419,7239,15266,1379,0.050306435,33000,24000,40000
130,2601,LINGUISTICS AND COMPARATIVE LANGUAGE AND LITERATURE,Humanities & Liberal Arts,16601,2337,7579,11165,8462,4831,5821,1302,0.10443571,33000,25000,40000
131,2399,MISCELLANEOUS EDUCATION,Education,10150,32510,82923,8691,7264,2202,5816,547,0.059211951,33000,30000,45000
132,4007,INTERDISCIPLINARY SOCIAL SCIENCES,Social Science,9916,13487,35004,7444,5843,2834,4714,757,0.092305816,33000,24000,40000
133,3604,ECOLOGY,Biology & Life Science,9154,15204,28443,7585,5603,2741,3912,437,0.054475193,33000,23000,42000
134,2309,SECONDARY TEACHER EDUCATION,Education,17125,6820,10305,15116,12520,3782,9193,833,0.05222898,32500,25000,38000
135,6100,GENERAL MEDICAL AND HEALTH SERVICES,Health,33599,7574,26025,24406,18166,11088,12809,2183,0.082101621,32400,25000,45000
136,4801,PHILOSOPHY AND RELIGIOUS STUDIES,Humanities & Liberal Arts,54814,31967,22847,40157,31086,16659,21816,4267,0.096051684,32200,23000,47100
137,2314,ART AND MUSIC EDUCATION,Education,34181,10732,23449,30007,23018,9209,16537,1206,0.038637747,32100,25000,40000
138,3301,ENGLISH LANGUAGE AND LITERATURE,Humanities & Liberal Arts,194673,4897,2519,149180,114386,57825,81180,14345,0.08772359,32000,23000,41000
139,2304,ELEMENTARY EDUCATION,Education,170862,13029,157833,149339,123177,37965,86540,7297,0.046585715,32000,23400,38000
140,4101,PHYSICAL FITNESS PARKS RECREATION AND LEISURE,Industrial Arts & Consumer Services,125074,2049,4434,103078,77428,38515,57978,5593,0.051467273,32000,24000,43000
141,3401,LIBERAL ARTS,Humanities & Liberal Arts,71369,58227,136446,54844,43401,19187,33438,4657,0.078267592,32000,25000,42000
142,6005,FILM VIDEO AND PHOTOGRAPHIC ARTS,Arts,38761,22339,49030,31433,22457,12818,15740,3718,0.10577224,32000,22000,42000
143,5500,GENERAL SOCIAL SCIENCES,Social Science,12920,62181,62893,9602,7700,3396,5679,1108,0.103454715,32000,27000,50000
144,1105,PLANT SCIENCE AND AGRONOMY,Agriculture & Natural Resources,7416,5079,7841,6594,5798,1246,4522,314,0.045454545,32000,22900,40000
145,2308,SCIENCE AND COMPUTER TEACHER EDUCATION,Education,6483,22357,16404,5362,4764,1227,3247,266,0.047263682,32000,28000,39000
146,5200,PSYCHOLOGY,Psychology & Social Work,393735,86648,307087,307933,233205,115172,174438,28169,0.083810867,31500,24000,41000
147,6002,MUSIC,Arts,60633,15670,12543,47662,29010,24943,21425,3918,0.075959674,31000,22300,42000
148,2306,PHYSICAL AND HEALTH EDUCATION TEACHING,Education,28213,29909,30724,23794,19420,7230,13651,1920,0.074667496,31000,24000,40000
149,6006,ART HISTORY AND CRITICISM,Humanities & Liberal Arts,21030,3240,17790,17579,13262,6140,9965,1128,0.060298284,31000,23000,40000
150,6000,FINE ARTS,Arts,74440,24786,49654,59679,42764,23656,31877,5486,0.084186296,30500,21000,41000
151,2901,FAMILY AND CONSUMER SCIENCES,Industrial Arts & Consumer Services,58001,5347,16226,46624,36747,15872,26906,3355,0.067128194,30000,22900,40000
152,5404,SOCIAL WORK,Psychology & Social Work,53552,2734,11709,45038,34941,13481,27588,3329,0.06882792,30000,25000,35000
153,1103,ANIMAL SCIENCES,Agriculture & Natural Resources,21573,5166,52835,17112,14479,5353,10824,917,0.050862499,30000,22000,40000
154,6003,VISUAL AND PERFORMING ARTS,Arts,16250,2013,4639,12870,8447,6253,6322,1465,0.102197419,30000,22000,40000
155,2312,TEACHER EDUCATION: MULTIPLE LEVELS,Education,14443,1936,7692,13076,11734,2214,8457,496,0.03654583,30000,24000,37000
156,5299,MISCELLANEOUS PSYCHOLOGY,Psychology & Social Work,9628,885,8489,7653,5201,3221,3838,419,0.05190783,30000,20800,40000
157,5403,HUMAN SERVICES AND COMMUNITY ORGANIZATION,Psychology & Social Work,9374,5137,48415,8294,6455,2405,5061,326,0.037819026,30000,24000,35000
158,3402,HUMANITIES,Humanities & Liberal Arts,6652,4133,12117,5052,3565,2225,2661,372,0.068584071,30000,20000,49000
159,4901,THEOLOGY AND RELIGIOUS VOCATIONS,Humanities & Liberal Arts,30207,404,1084,24202,18079,8767,13944,1617,0.062628297,29000,22000,38000
160,6007,STUDIO ARTS,Arts,16977,4364,6146,13908,10451,5673,7413,1368,0.089552239,29000,19200,38300
161,2201,COSMETOLOGY SERVICES AND CULINARY ARTS,Industrial Arts & Consumer Services,10510,18616,11591,8650,7662,2064,5949,510,0.055676856,29000,20000,36000
162,1199,MISCELLANEOUS AGRICULTURE,Agriculture & Natural Resources,1488,4754,12223,1290,1098,335,936,82,0.059766764,29000,23000,42100
163,5502,ANTHROPOLOGY AND ARCHEOLOGY,Humanities & Liberal Arts,38844,1167,36422,29633,20147,14515,13232,3395,0.102791571,28000,20000,38000
164,6102,COMMUNICATION DISORDERS SCIENCES AND SERVICES,Health,38279,11376,27468,29763,19975,13862,14460,1487,0.047584,28000,20000,40000
165,2307,EARLY CHILDHOOD EDUCATION,Education,37589,1225,37054,32551,27569,7001,20748,1360,0.040104981,28000,21000,35000
166,2603,OTHER FOREIGN LANGUAGES,Humanities & Liberal Arts,11204,3472,7732,7052,5197,3685,3214,846,0.107115726,27500,22900,38000
167,6001,DRAMA AND THEATER ARTS,Arts,43249,7022,11931,36165,25147,15994,16891,3040,0.07754113,27000,19200,35000
168,3302,COMPOSITION AND RHETORIC,Humanities & Liberal Arts,18953,14440,28809,15053,10121,6612,7832,1340,0.081742207,27000,20000,35000
169,3609,ZOOLOGY,Biology & Life Science,8409,3050,5359,6259,5043,2190,3602,304,0.04632028,26000,20000,39000
170,5201,EDUCATIONAL PSYCHOLOGY,Psychology & Social Work,2854,522,2332,2125,1848,572,1211,148,0.065112187,25000,24000,34000
171,5202,CLINICAL PSYCHOLOGY,Psychology & Social Work,2838,568,2270,2101,1724,648,1293,368,0.149048198,25000,25000,40000
172,5203,COUNSELING PSYCHOLOGY,Psychology & Social Work,4626,931,3695,3777,3154,965,2738,214,0.053620646,23400,19200,26000
173,3501,LIBRARY SCIENCE,Education,1098,134,964,742,593,237,410,87,0.104945718,22000,20000,22000
